tipo;dia;modulo;profesor;cod_seccion
LAB;JU;8:30-9:50;QUILODRAN PAULINA;CBF1000_VC01
LAB;JU;8:30-9:50;VILLAGRAN SIDNEY;CBF1000_VC01
CAT;MA;8:30-9:50;VILLAGRAN SIDNEY;CBF1000_VC01
CAT;VI;8:30-9:50;VILLAGRAN SIDNEY;CBF1000_VC01
AYU;LU;8:30-9:50;UMAÑA CHRISTIAN;CBF1000_VC01
LAB;JU;8:30-9:50;QUILODRAN PAULINA;CBF1000_VC02
LAB;JU;8:30-9:50;VILLAGRAN SIDNEY;CBF1000_VC02
CAT;MA;8:30-9:50;VILLAGRAN SIDNEY;CBF1000_VC02
CAT;VI;8:30-9:50;VILLAGRAN SIDNEY;CBF1000_VC02
AYU;LU;8:30-9:50;UMAÑA CHRISTIAN;CBF1000_VC02
CAT;LU;14:30-15:50;BRIZUELA JESSICA;CBF1000_VC11
CAT;JU;14:30-15:50;CABRERA ARIAN ALONSO;CBF1000_VC11
AYU;MA;14:30-15:50;BRIZUELA JESSICA;CBF1000_VC11
LAB;VI;14:30-15:50;CABRERA ARIAN ALONSO;CBF1000_VC11
LAB;VI;14:30-15:50;BRIZUELA JESSICA;CBF1000_VC11
LAB;VI;14:30-15:50;BRIZUELA JESSICA;CBF1000_VC12
AYU;MA;14:30-15:50;CABRERA ARIAN ALONSO;CBF1000_VC12
CAT;LU;14:30-15:50;BRIZUELA JESSICA;CBF1000_VC12
CAT;JU;14:30-15:50;BRIZUELA JESSICA;CBF1000_VC12
LAB;VI;14:30-15:50;CABRERA ARIAN ALONSO;CBF1000_VC12
CAT;MA;10:00-11:20;LEON ALEJANDRO;CBF1000_VC05
CAT;JU;10:00-11:20;LEON ALEJANDRO;CBF1000_VC05
LAB;VI;10:00-11:20;SANCHEZ DENISSE;CBF1000_VC05
LAB;VI;10:00-11:20;VILLAGRAN SIDNEY;CBF1000_VC05
AYU;LU;10:00-11:20;ROCA ANTONIO;CBF1000_VC05
CAT;MA;10:00-11:20;LEON ALEJANDRO;CBF1000_VC06
CAT;JU;10:00-11:20;LEON ALEJANDRO;CBF1000_VC06
AYU;LU;10:00-11:20;ROCA ANTONIO;CBF1000_VC06
LAB;VI;10:00-11:20;SANCHEZ DENISSE;CBF1000_VC06
LAB;VI;10:00-11:20;VILLAGRAN SIDNEY;CBF1000_VC06
CAT;LU;10:00-11:20;OLIVARES MARCO;CBF1000_VC07
CAT;JU;10:00-11:20;OLIVARES MARCO;CBF1000_VC07
AYU;VI;10:00-11:20;MIRANDA MOISES;CBF1000_VC07
LAB;MA;10:00-11:20;GALLARDO MARCEL;CBF1000_VC07
LAB;MA;10:00-11:20;OLIVARES MARCO;CBF1000_VC07
CAT;LU;10:00-11:20;OLIVARES MARCO;CBF1000_VC08
CAT;JU;10:00-11:20;OLIVARES MARCO;CBF1000_VC08
AYU;VI;10:00-11:20;MIRANDA MOISES;CBF1000_VC08
LAB;MA;10:00-11:20;OLIVARES MARCO;CBF1000_VC08
CAT;MA;10:00-11:20;DUARTE HECTOR;CBF1001_VC01
CAT;JU;10:00-11:20;DUARTE HECTOR;CBF1001_VC01
AYU;LU;10:00-11:20;NO ESPECIFICADO;CBF1001_VC01
LAB;VI;10:00-11:20;BASOALTO MATIAS;CBF1001_VC01
LAB;VI;10:00-11:20;BARTOLO LEONARDO;CBF1001_VC01
CAT;LU;11:30-12:50;EREMEEV VITALIE;CBF1001_VC10
CAT;JU;11:30-12:50;EREMEEV VITALIE;CBF1001_VC10
AYU;VI;11:30-12:50;COFRE ELLIOT;CBF1001_VC10
LAB;MI;11:30-12:50;CASTILLO CRISTIAN;CBF1001_VC10
LAB;MI;11:30-12:50;GODOY SERGIO;CBF1001_VC10
CAT;LU;13:00-14:20;LAVIN ROBERTO;CBF1001_VC11
CAT;JU;13:00-14:20;LAVIN ROBERTO;CBF1001_VC11
AYU;MA;13:00-14:20;MIRANDA MOISES;CBF1001_VC11
LAB;VI;13:00-14:20;DIAZ ANAYS;CBF1001_VC11
LAB;VI;13:00-14:20;BRIZUELA JESSICA;CBF1001_VC11
CAT;LU;13:00-14:20;LAVIN ROBERTO;CBF1001_VC12
CAT;JU;13:00-14:20;LAVIN ROBERTO;CBF1001_VC12
AYU;MA;13:00-14:20;MIRANDA MOISES;CBF1001_VC12
LAB;VI;13:00-14:20;DIAZ ANAYS;CBF1001_VC12
LAB;VI;13:00-14:20;BRIZUELA JESSICA;CBF1001_VC12
CAT;MA;13:00-14:20;VILLAGRAN SIDNEY;CBF1001_VC13
CAT;VI;13:00-14:20;VILLAGRAN SIDNEY;CBF1001_VC13
AYU;JU;13:00-14:20;NO ESPECIFICADO;CBF1001_VC13
LAB;LU;13:00-14:20;VILLAGRAN SIDNEY;CBF1001_VC13
CAT;MA;13:00-14:20;VILLAGRAN SIDNEY;CBF1001_VC14
CAT;VI;13:00-14:20;VILLAGRAN SIDNEY;CBF1001_VC14
AYU;JU;13:00-14:20;NO ESPECIFICADO;CBF1001_VC14
LAB;LU;13:00-14:20;VILLAGRAN SIDNEY;CBF1001_VC14
CAT;LU;13:00-14:20;OLIVARES MARCO;CBF1001_VC15
CAT;JU;13:00-14:20;OLIVARES MARCO;CBF1001_VC15
AYU;MI;13:00-14:20;NO ESPECIFICADO;CBF1001_VC15
LAB;MA;13:00-14:20;OLIVARES MARCO;CBF1001_VC15
CAT;LU;13:00-14:20;OLIVARES MARCO;CBF1001_VC16
CAT;JU;13:00-14:20;OLIVARES MARCO;CBF1001_VC16
AYU;MI;13:00-14:20;NO ESPECIFICADO;CBF1001_VC16
LAB;MA;13:00-14:20;OLIVARES MARCO;CBF1001_VC16
CAT;LU;14:30-15:50;BARTOLO LEONARDO;CBF1001_VC17
CAT;JU;14:30-15:50;BARTOLO LEONARDO;CBF1001_VC17
AYU;MA;14:30-15:50;NO ESPECIFICADO;CBF1001_VC17
LAB;VI;14:30-15:50;BARTOLO LEONARDO;CBF1001_VC17
CAT;LU;14:30-15:50;BARTOLO LEONARDO;CBF1001_VC18
CAT;JU;14:30-15:50;BARTOLO LEONARDO;CBF1001_VC18
AYU;MA;14:30-15:50;NO ESPECIFICADO;CBF1001_VC18
LAB;VI;14:30-15:50;BARTOLO LEONARDO;CBF1001_VC18
CAT;LU;14:30-15:50;EREMEEV VITALIE;CBF1001_VC19
CAT;JU;14:30-15:50;EREMEEV VITALIE;CBF1001_VC19
AYU;VI;14:30-15:50;NO ESPECIFICADO;CBF1001_VC19
LAB;MI;14:30-15:50;GODOY SERGIO;CBF1001_VC19
CAT;MA;10:00-11:20;DUARTE HECTOR;CBF1001_VC02
CAT;JU;10:00-11:20;DUARTE HECTOR;CBF1001_VC02
AYU;LU;10:00-11:20;NO ESPECIFICADO;CBF1001_VC02
LAB;VI;10:00-11:20;BARTOLO LEONARDO;CBF1001_VC02
LAB;VI;10:00-11:20;BASOALTO MATIAS;CBF1001_VC02
CAT;LU;14:30-15:50;EREMEEV VITALIE;CBF1001_VC20
CAT;JU;14:30-15:50;EREMEEV VITALIE;CBF1001_VC20
AYU;VI;14:30-15:50;NO ESPECIFICADO;CBF1001_VC20
LAB;MI;14:30-15:50;GODOY SERGIO;CBF1001_VC20
CAT;LU;10:00-11:20;VILLAGRAN SIDNEY;CBF1001_VC03
CAT;JU;10:00-11:20;VILLAGRAN SIDNEY;CBF1001_VC03
AYU;VI;10:00-11:20;TORRES ICARO;CBF1001_VC03
LAB;MA;10:00-11:20;GACITUA FRANCISCA;CBF1001_VC03
LAB;MA;10:00-11:20;VILLAGRAN SIDNEY;CBF1001_VC03
CAT;LU;10:00-11:20;VILLAGRAN SIDNEY;CBF1001_VC04
CAT;JU;10:00-11:20;VILLAGRAN SIDNEY;CBF1001_VC04
AYU;VI;10:00-11:20;TORRES ICARO;CBF1001_VC04
LAB;MA;10:00-11:20;GACITUA FRANCISCA;CBF1001_VC04
LAB;MA;10:00-11:20;VILLAGRAN SIDNEY;CBF1001_VC04
CAT;LU;11:30-12:50;LAVIN ROBERTO;CBF1001_VC05
CAT;JU;11:30-12:50;LAVIN ROBERTO;CBF1001_VC05
AYU;MA;11:30-12:50;SALINAS NICOLAS;CBF1001_VC05
LAB;VI;11:30-12:50;BRIZUELA JESSICA;CBF1001_VC05
LAB;VI;11:30-12:50;GALLARDO MARCEL;CBF1001_VC05
CAT;LU;11:30-12:50;LAVIN ROBERTO;CBF1001_VC06
CAT;JU;11:30-12:50;LAVIN ROBERTO;CBF1001_VC06
AYU;MA;11:30-12:50;SALINAS NICOLAS;CBF1001_VC06
LAB;VI;11:30-12:50;BRIZUELA JESSICA;CBF1001_VC06
LAB;VI;11:30-12:50;GALLARDO MARCEL;CBF1001_VC06
CAT;MA;11:30-12:50;LEON ALEJANDRO;CBF1001_VC07
CAT;JU;11:30-12:50;LEON ALEJANDRO;CBF1001_VC07
AYU;VI;11:30-12:50;SALINAS NICOLAS;CBF1001_VC07
LAB;LU;11:30-12:50;VILLAGRAN SIDNEY;CBF1001_VC07
LAB;LU;11:30-12:50;GALLARDO MARCEL;CBF1001_VC07
CAT;MA;11:30-12:50;LEON ALEJANDRO;CBF1001_VC08
CAT;JU;11:30-12:50;LEON ALEJANDRO;CBF1001_VC08
AYU;VI;11:30-12:50;SALINAS NICOLAS;CBF1001_VC08
LAB;LU;11:30-12:50;VILLAGRAN SIDNEY;CBF1001_VC08
LAB;LU;11:30-12:50;GALLARDO MARCEL;CBF1001_VC08
CAT;LU;11:30-12:50;EREMEEV VITALIE;CBF1001_VC09
CAT;JU;11:30-12:50;EREMEEV VITALIE;CBF1001_VC09
AYU;VI;11:30-12:50;COFRE ELLIOT;CBF1001_VC09
LAB;MI;11:30-12:50;CASTILLO CRISTIAN;CBF1001_VC09
LAB;MI;11:30-12:50;GODOY SERGIO;CBF1001_VC09
CAT;LU;8:30-9:50;OLIVARES MARCO;CBF1002_VC01
CAT;JU;8:30-9:50;OLIVARES MARCO;CBF1002_VC01
AYU;VI;8:30-9:50;MIRANDA MOISES;CBF1002_VC01
LAB;MA;8:30-9:50;BASOALTO MATIAS;CBF1002_VC01
LAB;MA;8:30-9:50;OLIVARES MARCO;CBF1002_VC01
CAT;LU;14:30-15:50;OLIVARES MARCO;CBF1002_VC10
CAT;JU;14:30-15:50;OLIVARES MARCO;CBF1002_VC10
AYU;MI;14:30-15:50;SILVA DANIEL;CBF1002_VC10
LAB;MA;14:30-15:50;OLIVARES MARCO;CBF1002_VC10
CAT;LU;16:00-17:20;OLIVARES MARCO;CBF1002_VC13
CAT;JU;16:00-17:20;OLIVARES MARCO;CBF1002_VC13
AYU;MI;16:00-17:20;NO ESPECIFICADO;CBF1002_VC13
LAB;MA;16:00-17:20;OLIVARES MARCO;CBF1002_VC13
CAT;LU;16:00-17:20;OLIVARES MARCO;CBF1002_VC14
CAT;JU;16:00-17:20;OLIVARES MARCO;CBF1002_VC14
AYU;MI;16:00-17:20;NO ESPECIFICADO;CBF1002_VC14
LAB;MA;16:00-17:20;OLIVARES MARCO;CBF1002_VC14
CAT;LU;8:30-9:50;OLIVARES MARCO;CBF1002_VC02
CAT;JU;8:30-9:50;OLIVARES MARCO;CBF1002_VC02
AYU;VI;8:30-9:50;MIRANDA MOISES;CBF1002_VC02
LAB;MA;8:30-9:50;OLIVARES MARCO;CBF1002_VC02
LAB;MA;8:30-9:50;BASOALTO MATIAS;CBF1002_VC02
CAT;MA;11:30-12:50;VILLAGRAN SIDNEY;CBF1002_VC03
CAT;VI;11:30-12:50;VILLAGRAN SIDNEY;CBF1002_VC03
AYU;LU;11:30-12:50;NEIRA TOMAS;CBF1002_VC03
LAB;JU;11:30-12:50;GACITUA FRANCISCA;CBF1002_VC03
LAB;JU;11:30-12:50;VILLAGRAN SIDNEY;CBF1002_VC03
CAT;MA;11:30-12:50;VILLAGRAN SIDNEY;CBF1002_VC04
CAT;VI;11:30-12:50;VILLAGRAN SIDNEY;CBF1002_VC04
AYU;LU;11:30-12:50;NEIRA TOMAS;CBF1002_VC04
LAB;JU;11:30-12:50;GACITUA FRANCISCA;CBF1002_VC04
LAB;JU;11:30-12:50;VILLAGRAN SIDNEY;CBF1002_VC04
CAT;LU;11:30-12:50;POZO JULIO;CBF1002_VC05
CAT;JU;11:30-12:50;POZO JULIO;CBF1002_VC05
AYU;MA;11:30-12:50;SILVA DANIEL;CBF1002_VC05
LAB;MI;11:30-12:50;SANCHEZ DENISSE;CBF1002_VC05
LAB;MI;11:30-12:50;BALOCCHI CARLOS;CBF1002_VC05
CAT;LU;11:30-12:50;POZO JULIO;CBF1002_VC06
CAT;JU;11:30-12:50;POZO JULIO;CBF1002_VC06
AYU;MA;11:30-12:50;SILVA DANIEL;CBF1002_VC06
LAB;MI;11:30-12:50;SANCHEZ DENISSE;CBF1002_VC06
LAB;MI;11:30-12:50;BALOCCHI CARLOS;CBF1002_VC06
CAT;LU;13:00-14:20;BALOCCHI CARLOS;CBF1002_VC07
CAT;JU;13:00-14:20;BALOCCHI CARLOS;CBF1002_VC07
AYU;MA;13:00-14:20;SOTO CESAR;CBF1002_VC07
LAB;MI;13:00-14:20;BALOCCHI CARLOS;CBF1002_VC07
CAT;LU;13:00-14:20;BALOCCHI CARLOS;CBF1002_VC08
CAT;JU;13:00-14:20;BALOCCHI CARLOS;CBF1002_VC08
AYU;MA;13:00-14:20;SOTO CESAR;CBF1002_VC08
LAB;MI;13:00-14:20;BALOCCHI CARLOS;CBF1002_VC08
CAT;LU;14:30-15:50;OLIVARES MARCO;CBF1002_VC09
CAT;JU;14:30-15:50;OLIVARES MARCO;CBF1002_VC09
AYU;MI;14:30-15:50;SILVA DANIEL;CBF1002_VC09
LAB;MA;14:30-15:50;OLIVARES MARCO;CBF1002_VC09
CAT;LU;8:30-9:50;LANDERO CARLOS;CBM1000_VC01
CAT;MA;8:30-9:50;LANDERO CARLOS;CBM1000_VC01
CAT;JU;8:30-9:50;LANDERO CARLOS;CBM1000_VC01
AYU;VI;14:30-15:50;MARCHANT MAXIMILIANO;CBM1000_VC01
CAT;LU;13:00-14:20;CASADO ANDREA;CBM1000_VC10
CAT;MA;13:00-14:20;CASADO ANDREA;CBM1000_VC10
CAT;JU;13:00-14:20;CASADO ANDREA;CBM1000_VC10
AYU;MI;14:30-15:50;VERA NICOLAS;CBM1000_VC10
CAT;LU;13:00-14:20;NEIRA TOMAS;CBM1000_VC11
CAT;MA;13:00-14:20;NEIRA TOMAS;CBM1000_VC11
CAT;JU;13:00-14:20;NEIRA TOMAS;CBM1000_VC11
AYU;MI;14:30-15:50;CAPUÑAY JERSON;CBM1000_VC11
CAT;MA;11:30-12:50;LOPEZ MARIA;CBM1000_VC12
CAT;JU;11:30-12:50;LOPEZ MARIA;CBM1000_VC12
CAT;VI;11:30-12:50;LOPEZ MARIA;CBM1000_VC12
AYU;LU;11:30-12:50;ZARZAR MATIAS;CBM1000_VC12
CAT;LU;11:30-12:50;LANDERO CARLOS;CBM1000_VC13
CAT;MA;11:30-12:50;LANDERO CARLOS;CBM1000_VC13
CAT;JU;11:30-12:50;LANDERO CARLOS;CBM1000_VC13
AYU;VI;14:30-15:50;CASTILLO BARBARA;CBM1000_VC13
CAT;LU;14:30-15:50;MARTI EMILIO;CBM1000_VC14
CAT;MA;14:30-15:50;MARTI EMILIO;CBM1000_VC14
CAT;JU;14:30-15:50;MARTI EMILIO;CBM1000_VC14
AYU;VI;14:30-15:50;ZUÑIGA DIEGO;CBM1000_VC14
CAT;LU;16:00-17:20;MARTI EMILIO;CBM1000_VC15
CAT;MA;16:00-17:20;MARTI EMILIO;CBM1000_VC15
CAT;JU;16:00-17:20;MARTI EMILIO;CBM1000_VC15
AYU;MI;16:00-17:20;CORTES ALEJANDRA;CBM1000_VC15
CAT;LU;16:00-17:20;ROSSEL JUAN;CBM1000_VC16
CAT;MA;16:00-17:20;ROSSEL JUAN;CBM1000_VC16
CAT;JU;16:00-17:20;ROSSEL JUAN;CBM1000_VC16
AYU;MI;16:00-17:20;NO ESPECIFICADO;CBM1000_VC16
CAT;LU;16:00-17:20;MATURANA HUGO;CBM1000_VC17
CAT;MA;16:00-17:20;MATURANA HUGO;CBM1000_VC17
CAT;JU;16:00-17:20;MATURANA HUGO;CBM1000_VC17
AYU;MI;16:00-17:20;ECHEVERRIA MATIAS;CBM1000_VC17
CAT;LU;8:30-9:50;RIVERO ROSA;CBM1000_VC02
CAT;MA;8:30-9:50;RIVERO ROSA;CBM1000_VC02
CAT;JU;8:30-9:50;RIVERO ROSA;CBM1000_VC02
AYU;VI;14:30-15:50;MEZA KEVIN;CBM1000_VC02
CAT;LU;8:30-9:50;SAAVEDRA IGNACIO;CBM1000_VC03
CAT;MA;8:30-9:50;SAAVEDRA IGNACIO;CBM1000_VC03
CAT;JU;8:30-9:50;SAAVEDRA IGNACIO;CBM1000_VC03
AYU;VI;14:30-15:50;NO ESPECIFICADO;CBM1000_VC03
CAT;LU;8:30-9:50;CASADO ANDREA;CBM1000_VC04
CAT;MA;8:30-9:50;CASADO ANDREA;CBM1000_VC04
CAT;JU;8:30-9:50;CASADO ANDREA;CBM1000_VC04
AYU;VI;14:30-15:50;MALIL PEDRO;CBM1000_VC04
CAT;LU;10:00-11:20;ANGEL MARIA;CBM1000_VC05
CAT;MA;10:00-11:20;ANGEL MARIA;CBM1000_VC05
CAT;JU;10:00-11:20;ANGEL MARIA;CBM1000_VC05
AYU;MI;16:00-17:20;BENAVIDES DIEGO;CBM1000_VC05
CAT;LU;10:00-11:20;ROSSEL JUAN;CBM1000_VC06
CAT;MA;10:00-11:20;ROSSEL JUAN;CBM1000_VC06
CAT;JU;10:00-11:20;ROSSEL JUAN;CBM1000_VC06
AYU;MI;16:00-17:20;RIVERA PAULA;CBM1000_VC06
CAT;MA;10:00-11:20;LOPEZ MARIA;CBM1000_VC07
CAT;JU;10:00-11:20;LOPEZ MARIA;CBM1000_VC07
CAT;VI;10:00-11:20;LOPEZ MARIA;CBM1000_VC07
AYU;LU;10:00-11:20;NO ESPECIFICADO;CBM1000_VC07
CAT;LU;10:00-11:20;RIVERO ROSA;CBM1000_VC08
CAT;MA;10:00-11:20;RIVERO ROSA;CBM1000_VC08
CAT;JU;10:00-11:20;RIVERO ROSA;CBM1000_VC08
AYU;MI;16:00-17:20;DIAZ MATIAS;CBM1000_VC08
CAT;LU;13:00-14:20;MATURANA HUGO;CBM1000_VC09
CAT;MA;13:00-14:20;MATURANA HUGO;CBM1000_VC09
CAT;JU;13:00-14:20;MATURANA HUGO;CBM1000_VC09
AYU;MI;14:30-15:50;UMAÑA CHRISTIAN;CBM1000_VC09
CAT;LU;16:00-17:20;SCHUMACHER SANDY;CBM1001_VC01
CAT;MA;16:00-17:20;SCHUMACHER SANDY;CBM1001_VC01
CAT;JU;16:00-17:20;SCHUMACHER SANDY;CBM1001_VC01
AYU;MI;10:00-11:20;SAAVEDRA IGNACIO;CBM1001_VC01
CAT;LU;17:25-18:45;BRAYOVIC BORIS;CBM1001_VC10
CAT;MA;17:25-18:45;BRAYOVIC BORIS;CBM1001_VC10
CAT;JU;17:25-18:45;BRAYOVIC BORIS;CBM1001_VC10
AYU;MI;10:00-11:20;NO ESPECIFICADO;CBM1001_VC10
CAT;LU;16:00-17:20;GALLEGOS CLAUDIO;CBM1001_VC11
CAT;MA;16:00-17:20;GALLEGOS CLAUDIO;CBM1001_VC11
CAT;JU;16:00-17:20;GALLEGOS CLAUDIO;CBM1001_VC11
AYU;MI;11:30-12:50;SAAVEDRA IGNACIO;CBM1001_VC11
CAT;LU;16:00-17:20;GALLEGOS CLAUDIO;CBM1001_VC12
CAT;MA;16:00-17:20;GALLEGOS CLAUDIO;CBM1001_VC12
CAT;JU;16:00-17:20;GALLEGOS CLAUDIO;CBM1001_VC12
AYU;MI;11:30-12:50;MARECHAL MATTHIEU;CBM1001_VC12
CAT;LU;16:00-17:20;GALLEGOS CLAUDIO;CBM1001_VC13
CAT;MA;16:00-17:20;GALLEGOS CLAUDIO;CBM1001_VC13
CAT;JU;16:00-17:20;GALLEGOS CLAUDIO;CBM1001_VC13
AYU;MI;11:30-12:50;NO ESPECIFICADO;CBM1001_VC13
CAT;LU;16:00-17:20;GALLEGOS CLAUDIO;CBM1001_VC14
CAT;MA;16:00-17:20;GALLEGOS CLAUDIO;CBM1001_VC14
CAT;JU;16:00-17:20;GALLEGOS CLAUDIO;CBM1001_VC14
AYU;MI;11:30-12:50;NO ESPECIFICADO;CBM1001_VC14
CAT;LU;16:00-17:20;GALLEGOS CLAUDIO;CBM1001_VC15
CAT;MA;16:00-17:20;GALLEGOS CLAUDIO;CBM1001_VC15
CAT;JU;16:00-17:20;GALLEGOS CLAUDIO;CBM1001_VC15
AYU;MI;11:30-12:50;NO ESPECIFICADO;CBM1001_VC15
CAT;LU;16:00-17:20;LOPEZ MARIA;CBM1001_VC16
CAT;MA;16:00-17:20;LOPEZ MARIA;CBM1001_VC16
CAT;JU;16:00-17:20;LOPEZ MARIA;CBM1001_VC16
AYU;MI;11:30-12:50;CASADO ANDREA;CBM1001_VC16
CAT;LU;16:00-17:20;LOPEZ MARIA;CBM1001_VC17
CAT;MA;16:00-17:20;LOPEZ MARIA;CBM1001_VC17
CAT;JU;16:00-17:20;LOPEZ MARIA;CBM1001_VC17
AYU;MI;11:30-12:50;NO ESPECIFICADO;CBM1001_VC17
CAT;LU;16:00-17:20;LOPEZ MARIA;CBM1001_VC18
CAT;MA;16:00-17:20;LOPEZ MARIA;CBM1001_VC18
CAT;JU;16:00-17:20;LOPEZ MARIA;CBM1001_VC18
AYU;MI;11:30-12:50;NO ESPECIFICADO;CBM1001_VC18
CAT;LU;16:00-17:20;LOPEZ MARIA;CBM1001_VC19
CAT;MA;16:00-17:20;LOPEZ MARIA;CBM1001_VC19
CAT;JU;16:00-17:20;LOPEZ MARIA;CBM1001_VC19
AYU;MI;11:30-12:50;NO ESPECIFICADO;CBM1001_VC19
CAT;LU;16:00-17:20;SCHUMACHER SANDY;CBM1001_VC02
CAT;MA;16:00-17:20;SCHUMACHER SANDY;CBM1001_VC02
CAT;JU;16:00-17:20;SCHUMACHER SANDY;CBM1001_VC02
AYU;MI;11:30-12:50;NO ESPECIFICADO;CBM1001_VC02
CAT;LU;16:00-17:20;LOPEZ MARIA;CBM1001_VC20
CAT;MA;16:00-17:20;LOPEZ MARIA;CBM1001_VC20
CAT;JU;16:00-17:20;LOPEZ MARIA;CBM1001_VC20
AYU;MI;10:00-11:20;NO ESPECIFICADO;CBM1001_VC20
CAT;LU;17:25-18:45;MARTI EMILIO;CBM1001_VC21
CAT;MA;17:25-18:45;MARTI EMILIO;CBM1001_VC21
CAT;JU;17:25-18:45;MARTI EMILIO;CBM1001_VC21
AYU;MI;13:00-14:20;SAAVEDRA IGNACIO;CBM1001_VC21
CAT;LU;17:25-18:45;MARTI EMILIO;CBM1001_VC22
CAT;MA;17:25-18:45;MARTI EMILIO;CBM1001_VC22
CAT;JU;17:25-18:45;MARTI EMILIO;CBM1001_VC22
AYU;MI;13:00-14:20;CASADO ANDREA;CBM1001_VC22
CAT;LU;17:25-18:45;MARTI EMILIO;CBM1001_VC23
CAT;MA;17:25-18:45;MARTI EMILIO;CBM1001_VC23
CAT;JU;17:25-18:45;MARTI EMILIO;CBM1001_VC23
AYU;MI;13:00-14:20;NO ESPECIFICADO;CBM1001_VC23
CAT;LU;17:25-18:45;MARTI EMILIO;CBM1001_VC24
CAT;MA;17:25-18:45;MARTI EMILIO;CBM1001_VC24
CAT;JU;17:25-18:45;MARTI EMILIO;CBM1001_VC24
AYU;MI;13:00-14:20;NO ESPECIFICADO;CBM1001_VC24
CAT;LU;17:25-18:45;MARTI EMILIO;CBM1001_VC25
CAT;MA;17:25-18:45;MARTI EMILIO;CBM1001_VC25
CAT;JU;17:25-18:45;MARTI EMILIO;CBM1001_VC25
AYU;MI;13:00-14:20;NO ESPECIFICADO;CBM1001_VC25
CAT;LU;17:25-18:45;MATURANA HUGO;CBM1001_VC26
CAT;MA;17:25-18:45;MATURANA HUGO;CBM1001_VC26
CAT;JU;17:25-18:45;MATURANA HUGO;CBM1001_VC26
AYU;VI;8:30-9:50;SAAVEDRA IGNACIO;CBM1001_VC26
CAT;LU;17:25-18:45;MATURANA HUGO;CBM1001_VC27
CAT;MA;17:25-18:45;MATURANA HUGO;CBM1001_VC27
CAT;JU;17:25-18:45;MATURANA HUGO;CBM1001_VC27
AYU;VI;8:30-9:50;SAAVEDRA IGNACIO;CBM1001_VC27
CAT;LU;17:25-18:45;MATURANA HUGO;CBM1001_VC28
CAT;MA;17:25-18:45;MATURANA HUGO;CBM1001_VC28
CAT;JU;17:25-18:45;MATURANA HUGO;CBM1001_VC28
AYU;VI;10:00-11:20;NO ESPECIFICADO;CBM1001_VC28
CAT;LU;17:25-18:45;MATURANA HUGO;CBM1001_VC29
CAT;MA;17:25-18:45;MATURANA HUGO;CBM1001_VC29
CAT;JU;17:25-18:45;MATURANA HUGO;CBM1001_VC29
AYU;VI;10:00-11:20;NO ESPECIFICADO;CBM1001_VC29
CAT;LU;16:00-17:20;SCHUMACHER SANDY;CBM1001_VC03
CAT;MA;16:00-17:20;SCHUMACHER SANDY;CBM1001_VC03
CAT;JU;16:00-17:20;SCHUMACHER SANDY;CBM1001_VC03
AYU;MI;10:00-11:20;NO ESPECIFICADO;CBM1001_VC03
CAT;LU;17:25-18:45;MATURANA HUGO;CBM1001_VC30
CAT;MA;17:25-18:45;MATURANA HUGO;CBM1001_VC30
CAT;JU;17:25-18:45;MATURANA HUGO;CBM1001_VC30
AYU;VI;11:30-12:50;SAAVEDRA IGNACIO;CBM1001_VC30
CAT;LU;16:00-17:20;SCHUMACHER SANDY;CBM1001_VC04
CAT;MA;16:00-17:20;SCHUMACHER SANDY;CBM1001_VC04
CAT;JU;16:00-17:20;SCHUMACHER SANDY;CBM1001_VC04
AYU;MI;10:00-11:20;NO ESPECIFICADO;CBM1001_VC04
CAT;LU;16:00-17:20;SCHUMACHER SANDY;CBM1001_VC05
CAT;MA;16:00-17:20;SCHUMACHER SANDY;CBM1001_VC05
CAT;JU;16:00-17:20;SCHUMACHER SANDY;CBM1001_VC05
AYU;MI;10:00-11:20;NO ESPECIFICADO;CBM1001_VC05
CAT;LU;17:25-18:45;BRAYOVIC BORIS;CBM1001_VC06
CAT;MA;17:25-18:45;BRAYOVIC BORIS;CBM1001_VC06
CAT;JU;17:25-18:45;BRAYOVIC BORIS;CBM1001_VC06
AYU;MI;10:00-11:20;MARECHAL MATTHIEU;CBM1001_VC06
CAT;LU;17:25-18:45;BRAYOVIC BORIS;CBM1001_VC07
CAT;MA;17:25-18:45;BRAYOVIC BORIS;CBM1001_VC07
CAT;JU;17:25-18:45;BRAYOVIC BORIS;CBM1001_VC07
AYU;MI;10:00-11:20;CASADO ANDREA;CBM1001_VC07
CAT;LU;17:25-18:45;BRAYOVIC BORIS;CBM1001_VC08
CAT;MA;17:25-18:45;BRAYOVIC BORIS;CBM1001_VC08
CAT;JU;17:25-18:45;BRAYOVIC BORIS;CBM1001_VC08
AYU;MI;10:00-11:20;NO ESPECIFICADO;CBM1001_VC08
CAT;LU;17:25-18:45;BRAYOVIC BORIS;CBM1001_VC09
CAT;MA;17:25-18:45;BRAYOVIC BORIS;CBM1001_VC09
CAT;JU;17:25-18:45;BRAYOVIC BORIS;CBM1001_VC09
AYU;MI;10:00-11:20;NO ESPECIFICADO;CBM1001_VC09
CAT;MA;8:30-9:50;LOPEZ MARIA;CBM1002_VC01
CAT;JU;8:30-9:50;LOPEZ MARIA;CBM1002_VC01
CAT;VI;8:30-9:50;LOPEZ MARIA;CBM1002_VC01
AYU;MI;8:30-9:50;MANQUI FHERNANDO;CBM1002_VC01
CAT;LU;8:30-9:50;ROSSEL JUAN;CBM1002_VC02
CAT;MA;8:30-9:50;ROSSEL JUAN;CBM1002_VC02
CAT;JU;8:30-9:50;ROSSEL JUAN;CBM1002_VC02
AYU;MI;8:30-9:50;RIVERA PAULA;CBM1002_VC02
CAT;LU;10:00-11:20;ARRATIA ARSEINA ISABEL;CBM1002_VC03
CAT;MA;10:00-11:20;ARRATIA ARSEINA ISABEL;CBM1002_VC03
CAT;JU;10:00-11:20;ARRATIA ARSEINA ISABEL;CBM1002_VC03
AYU;VI;10:00-11:20;SEQUEIDA JOAQUIN;CBM1002_VC03
CAT;LU;10:00-11:20;GALLEGOS CLAUDIO;CBM1002_VC04
CAT;MA;10:00-11:20;GALLEGOS CLAUDIO;CBM1002_VC04
CAT;JU;10:00-11:20;GALLEGOS CLAUDIO;CBM1002_VC04
AYU;VI;10:00-11:20;CAPUÑAY JERSON;CBM1002_VC04
CAT;LU;11:30-12:50;BRAYOVIC BORIS;CBM1002_VC05
CAT;MA;11:30-12:50;BRAYOVIC BORIS;CBM1002_VC05
CAT;JU;11:30-12:50;BRAYOVIC BORIS;CBM1002_VC05
AYU;VI;11:30-12:50;POBLETE FRANCO;CBM1002_VC05
CAT;LU;11:30-12:50;GALLEGOS CLAUDIO;CBM1002_VC06
CAT;MA;11:30-12:50;GALLEGOS CLAUDIO;CBM1002_VC06
CAT;JU;11:30-12:50;GALLEGOS CLAUDIO;CBM1002_VC06
AYU;VI;11:30-12:50;NO ESPECIFICADO;CBM1002_VC06
CAT;LU;14:30-15:50;BRAYOVIC BORIS;CBM1002_VC07
CAT;MA;14:30-15:50;BRAYOVIC BORIS;CBM1002_VC07
CAT;JU;14:30-15:50;BRAYOVIC BORIS;CBM1002_VC07
AYU;MI;14:30-15:50;SANTANDER BENJAMIN;CBM1002_VC07
CAT;LU;14:30-15:50;ROSSEL JUAN;CBM1002_VC08
CAT;MA;14:30-15:50;ROSSEL JUAN;CBM1002_VC08
CAT;JU;14:30-15:50;ROSSEL JUAN;CBM1002_VC08
AYU;MI;14:30-15:50;LOPEZ CARLA;CBM1002_VC08
CAT;LU;10:00-11:20;BRAYOVIC BORIS;CBM1003_VC01
CAT;MA;10:00-11:20;BRAYOVIC BORIS;CBM1003_VC01
CAT;JU;10:00-11:20;BRAYOVIC BORIS;CBM1003_VC01
AYU;VI;10:00-11:20;NO ESPECIFICADO;CBM1003_VC01
CAT;LU;10:00-11:20;LANDERO CARLOS;CBM1003_VC02
CAT;MA;10:00-11:20;LANDERO CARLOS;CBM1003_VC02
CAT;JU;10:00-11:20;LANDERO CARLOS;CBM1003_VC02
AYU;VI;10:00-11:20;ESTRADA BELEN;CBM1003_VC02
CAT;LU;11:30-12:50;ARRATIA ARSEINA ISABEL;CBM1003_VC03
CAT;MA;11:30-12:50;ARRATIA ARSEINA ISABEL;CBM1003_VC03
CAT;JU;11:30-12:50;ARRATIA ARSEINA ISABEL;CBM1003_VC03
AYU;VI;11:30-12:50;ECHEVERRIA MATIAS;CBM1003_VC03
CAT;LU;11:30-12:50;SCHUMACHER SANDY;CBM1003_VC04
CAT;MA;11:30-12:50;SCHUMACHER SANDY;CBM1003_VC04
CAT;JU;11:30-12:50;SCHUMACHER SANDY;CBM1003_VC04
AYU;VI;11:30-12:50;PENA CLAUDIO;CBM1003_VC04
CAT;LU;13:00-14:20;RIVERO ROSA;CBM1003_VC05
CAT;MA;13:00-14:20;RIVERO ROSA;CBM1003_VC05
CAT;JU;13:00-14:20;RIVERO ROSA;CBM1003_VC05
AYU;VI;13:00-14:20;VERA TIARE;CBM1003_VC05
CAT;LU;16:00-17:20;SAAVEDRA IGNACIO;CBM1003_VC07
CAT;MA;16:00-17:20;SAAVEDRA IGNACIO;CBM1003_VC07
CAT;JU;16:00-17:20;SAAVEDRA IGNACIO;CBM1003_VC07
AYU;MI;16:00-17:20;MALIL PEDRO;CBM1003_VC07
CAT;LU;16:00-17:20;LANDERO CARLOS;CBM1003_VC08
CAT;MA;16:00-17:20;LANDERO CARLOS;CBM1003_VC08
CAT;JU;16:00-17:20;LANDERO CARLOS;CBM1003_VC08
AYU;MI;16:00-17:20;HERNANDEZ EDUARDO;CBM1003_VC08
CAT;LU;8:30-9:50;LOPEZ JULIO;CBM1005_VC01
CAT;JU;8:30-9:50;LOPEZ JULIO;CBM1005_VC01
AYU;MI;8:30-9:50;RIVEROS ISAAC;CBM1005_VC01
CAT;LU;10:00-11:20;LOPEZ JULIO;CBM1005_CA10
CAT;JU;10:00-11:20;LOPEZ JULIO;CBM1005_CA10
AYU;MI;10:00-11:20;RIVEROS ISAAC;CBM1005_CA10
CAT;LU;8:30-9:50;CARRILO HUGO;CBM1005_VC02
CAT;JU;8:30-9:50;CARRILO HUGO;CBM1005_VC02
AYU;MI;8:30-9:50;SANTANDER BENJAMIN;CBM1005_VC02
CAT;LU;10:00-11:20;SAAVEDRA IGNACIO;CBM1005_VC03
CAT;JU;10:00-11:20;SAAVEDRA IGNACIO;CBM1005_VC03
AYU;MI;10:00-11:20;NO ESPECIFICADO;CBM1005_VC03
CAT;LU;14:30-15:50;LANDERO CARLOS;CBM1005_VC04
CAT;JU;14:30-15:50;LANDERO CARLOS;CBM1005_VC04
AYU;MI;14:30-15:50;HERNANDEZ EDUARDO;CBM1005_VC04
CAT;LU;14:30-15:50;LOPEZ MARIA;CBM1005_VC05
CAT;JU;14:30-15:50;LOPEZ MARIA;CBM1005_VC05
AYU;MI;14:30-15:50;DIAZ DORA;CBM1005_VC05
CAT;LU;14:30-15:50;SAAVEDRA IGNACIO;CBM1005_VC06
CAT;JU;14:30-15:50;SAAVEDRA IGNACIO;CBM1005_VC06
AYU;MI;14:30-15:50;NO ESPECIFICADO;CBM1005_VC06
CAT;LU;16:00-17:20;MUÑOZ JUAN ESTEBAN;CBM1005_VC07
CAT;JU;16:00-17:20;MUÑOZ JUAN ESTEBAN;CBM1005_VC07
AYU;MI;16:00-17:20;SALDIAS ALEXIS;CBM1005_VC07
CAT;LU;16:00-17:20;CARRILO HUGO;CBM1005_CA08
CAT;JU;16:00-17:20;CARRILO HUGO;CBM1005_CA08
AYU;MI;16:00-17:20;NO ESPECIFICADO;CBM1005_CA08
CAT;LU;10:00-11:20;MARTI EMILIO;CBM1006_VC01
CAT;JU;10:00-11:20;MARTI EMILIO;CBM1006_VC01
AYU;MI;10:00-11:20;CORTES ALEJANDRA;CBM1006_VC01
CAT;LU;16:00-17:20;PREISS RUBEN;CBM1006_CA11
CAT;JU;16:00-17:20;PREISS RUBEN;CBM1006_CA11
AYU;MI;16:00-17:20;NO ESPECIFICADO;CBM1006_CA11
CAT;LU;10:00-11:20;SCHUMACHER SANDY;CBM1006_VC02
CAT;JU;10:00-11:20;SCHUMACHER SANDY;CBM1006_VC02
AYU;MI;10:00-11:20;PENA CLAUDIO;CBM1006_VC02
CAT;MI;10:00-11:20;ARRATIA ARSEINA ISABEL;CBM1006_VC03
CAT;VI;10:00-11:20;ARRATIA ARSEINA ISABEL;CBM1006_VC03
AYU;MA;10:00-11:20;FERNANDEZ JORGE;CBM1006_VC03
CAT;LU;11:30-12:50;MARTI EMILIO;CBM1006_VC04
CAT;JU;11:30-12:50;MARTI EMILIO;CBM1006_VC04
AYU;MA;11:30-12:50;CONCHA DANIEL;CBM1006_VC04
CAT;LU;11:30-12:50;MARECHAL MATTHIEU;CBM1006_VC05
CAT;JU;11:30-12:50;MARECHAL MATTHIEU;CBM1006_VC05
AYU;MA;11:30-12:50;POBLETE FRANCO;CBM1006_VC05
CAT;LU;11:30-12:50;ROSSEL JUAN;CBM1006_VC06
CAT;JU;11:30-12:50;ROSSEL JUAN;CBM1006_VC06
AYU;MA;11:30-12:50;NO ESPECIFICADO;CBM1006_VC06
CAT;LU;13:00-14:20;NO ESPECIFICADO;CBM1006_VC07
CAT;JU;13:00-14:20;NO ESPECIFICADO;CBM1006_VC07
AYU;MI;13:00-14:20;NO ESPECIFICADO;CBM1006_VC07
CAT;LU;14:30-15:50;MUÑOZ JUAN ESTEBAN;CBM1006_VC08
CAT;JU;14:30-15:50;MUÑOZ JUAN ESTEBAN;CBM1006_VC08
AYU;MI;14:30-15:50;CARRASCO LESTER;CBM1006_VC08
CAT;LU;14:30-15:50;CARRILO HUGO;CBM1006_CA09
CAT;JU;14:30-15:50;CARRILO HUGO;CBM1006_CA09
AYU;MI;14:30-15:50;NO ESPECIFICADO;CBM1006_CA09
CAT;LU;10:00-11:20;REYES NORA;CBQ1000_VC01
CAT;JU;10:00-11:20;REYES NORA;CBQ1000_VC01
AYU;MA;10:00-11:20;SOTO CESAR;CBQ1000_VC01
CAT;LU;8:30-9:50;REYES NORA;CBQ1000_VC11
CAT;JU;8:30-9:50;REYES NORA;CBQ1000_VC11
AYU;MI;14:30-15:50;SOTO CESAR;CBQ1000_VC11
CAT;LU;8:30-9:50;OPAZO EDITH;CBQ1000_VC12
CAT;JU;8:30-9:50;OPAZO EDITH;CBQ1000_VC12
AYU;MI;14:30-15:50;MIRANDA MOISES;CBQ1000_VC12
CAT;LU;8:30-9:50;AILLON MILTON;CBQ1000_VC13
CAT;JU;8:30-9:50;AILLON MILTON;CBQ1000_VC13
AYU;MI;14:30-15:50;RETAMAL CHRISTOFER;CBQ1000_VC13
CAT;MA;8:30-9:50;MELO RAFAEL;CBQ1000_VC14
CAT;VI;8:30-9:50;MELO RAFAEL;CBQ1000_VC14
AYU;MI;8:30-9:50;OLIVARES FELIPE;CBQ1000_VC14
CAT;LU;14:30-15:50;REYES NORA;CBQ1000_VC15
CAT;JU;14:30-15:50;REYES NORA;CBQ1000_VC15
AYU;MI;10:00-11:20;MARTINEZ DAMIAN;CBQ1000_VC15
CAT;LU;10:00-11:20;OPAZO EDITH;CBQ1000_VC02
CAT;JU;10:00-11:20;OPAZO EDITH;CBQ1000_VC02
AYU;MA;10:00-11:20;AGURTO SHLOMIT;CBQ1000_VC02
CAT;LU;10:00-11:20;SEPULVEDA KAREN;CBQ1000_VC03
CAT;JU;10:00-11:20;SEPULVEDA KAREN;CBQ1000_VC03
AYU;MA;10:00-11:20;ASCENCIO NUBIA;CBQ1000_VC03
CAT;LU;10:00-11:20;AILLON MILTON;CBQ1000_VC04
CAT;JU;10:00-11:20;AILLON MILTON;CBQ1000_VC04
AYU;MA;10:00-11:20;OLIVARES FELIPE;CBQ1000_VC04
CAT;LU;11:30-12:50;REYES NORA;CBQ1000_VC05
CAT;JU;11:30-12:50;REYES NORA;CBQ1000_VC05
AYU;MI;13:00-14:20;RODRIGUEZ NICOLAS;CBQ1000_VC05
CAT;LU;11:30-12:50;OPAZO EDITH;CBQ1000_VC06
CAT;JU;11:30-12:50;OPAZO EDITH;CBQ1000_VC06
AYU;MI;13:00-14:20;OLIVARES FELIPE;CBQ1000_VC06
CAT;LU;11:30-12:50;SEPULVEDA KAREN;CBQ1000_VC07
CAT;JU;11:30-12:50;SEPULVEDA KAREN;CBQ1000_VC07
AYU;MI;13:00-14:20;OLIVARES FRANCISCA;CBQ1000_VC07
CAT;MA;14:30-15:50;SEPULVEDA KAREN;CBQ1000_VC08
CAT;VI;14:30-15:50;SEPULVEDA KAREN;CBQ1000_VC08
AYU;JU;11:30-12:50;AGURTO SHLOMIT;CBQ1000_VC08
CAT;MA;14:30-15:50;AILLON MILTON;CBQ1000_VC09
CAT;VI;14:30-15:50;AILLON MILTON;CBQ1000_VC09
AYU;JU;11:30-12:50;NO ESPECIFICADO;CBQ1000_VC09
CAT;MA;8:30-9:50;ESPINOSA NELSON;CII1000_VC01
CAT;VI;8:30-9:50;ESPINOSA NELSON;CII1000_VC01
AYU;MI;10:00-11:20;NO ESPECIFICADO;CII1000_VC01
CAT;MA;8:30-9:50;ESPINOSA NELSON;CII1000_FG01
CAT;VI;8:30-9:50;ESPINOSA NELSON;CII1000_FG01
AYU;MI;10:00-11:20;NO ESPECIFICADO;CII1000_FG01
CAT;MA;8:30-9:50;SAN MARTIN ROSA;CII1000_VC02
CAT;VI;8:30-9:50;SAN MARTIN ROSA;CII1000_VC02
AYU;MI;8:30-9:50;NO ESPECIFICADO;CII1000_VC02
CAT;MA;8:30-9:50;SAN MARTIN ROSA;CII1000_FG02
CAT;VI;8:30-9:50;SAN MARTIN ROSA;CII1000_FG02
AYU;MI;8:30-9:50;NO ESPECIFICADO;CII1000_FG02
CAT;MA;13:00-14:20;EMA CORTES;CII1000_VC03
CAT;VI;13:00-14:20;EMA CORTES;CII1000_VC03
AYU;MI;8:30-9:50;NO ESPECIFICADO;CII1000_VC03
CAT;MA;13:00-14:20;EMA CORTES;CII1000_FG03
CAT;VI;13:00-14:20;EMA CORTES;CII1000_FG03
AYU;MI;8:30-9:50;NO ESPECIFICADO;CII1000_FG03
CAT;LU;8:30-9:50;ORTIZ ROBERTO;CII1000_VC04
CAT;JU;8:30-9:50;ORTIZ ROBERTO;CII1000_VC04
AYU;MI;17:25-18:45;NO ESPECIFICADO;CII1000_VC04
CAT;LU;11:30-12:50;ORTIZ ROBERTO;CII1000_VC05
CAT;JU;11:30-12:50;ORTIZ ROBERTO;CII1000_VC05
AYU;MI;8:30-9:50;NO ESPECIFICADO;CII1000_VC05
CAT;LU;16:00-17:20;TANIDA MITSUO LUCAS;CII2750_VC01
CAT;JU;16:00-17:20;TANIDA MITSUO LUCAS;CII2750_VC01
AYU;MI;10:00-11:20;NO ESPECIFICADO;CII2750_VC01
CAT;LU;17:25-18:45;GEISSE ESTEBAN;CII2750_VC02
CAT;JU;17:25-18:45;GEISSE ESTEBAN;CII2750_VC02
AYU;MI;13:00-14:20;NO ESPECIFICADO;CII2750_VC02
CAT;LU;11:30-12:50;PAREDES FERNANDO;CII2750_VC03
CAT;JU;11:30-12:50;PAREDES FERNANDO;CII2750_VC03
AYU;MI;13:00-14:20;NO ESPECIFICADO;CII2750_VC03
CAT;MA;16:00-17:20;ZUÑIGA FERNANDO;CII2750_VC04
CAT;VI;16:00-17:20;ZUÑIGA FERNANDO;CII2750_VC04
AYU;MI;16:00-17:20;ZUÑIGA FERNANDO;CII2750_VC04
CAT;LU;13:00-14:20;NO ESPECIFICADO;CIT1000_CA01
CAT;JU;13:00-14:20;NO ESPECIFICADO;CIT1000_CA01
AYU;MI;13:00-14:20;NO ESPECIFICADO;CIT1000_CA01
CAT;LU;14:30-15:50;NO ESPECIFICADO;CIT1000_CA10
CAT;JU;14:30-15:50;NO ESPECIFICADO;CIT1000_CA10
AYU;MA;11:30-12:50;NO ESPECIFICADO;CIT1000_CA10
CAT;MA;10:00-11:20;FREZ JONATHAN;CIT1000_VC11
CAT;VI;10:00-11:20;FREZ JONATHAN;CIT1000_VC11
AYU;MI;10:00-11:20;NO ESPECIFICADO;CIT1000_VC11
CAT;MA;10:00-11:20;NO ESPECIFICADO;CIT1000_CA12
CAT;VI;10:00-11:20;NO ESPECIFICADO;CIT1000_CA12
AYU;MI;10:00-11:20;NO ESPECIFICADO;CIT1000_CA12
CAT;LU;10:00-11:20;NO ESPECIFICADO;CIT1000_CA13
CAT;JU;10:00-11:20;NO ESPECIFICADO;CIT1000_CA13
AYU;MA;10:00-11:20;NO ESPECIFICADO;CIT1000_CA13
CAT;LU;13:00-14:20;NO ESPECIFICADO;CIT1000_CA14
CAT;JU;13:00-14:20;NO ESPECIFICADO;CIT1000_CA14
AYU;MA;13:00-14:20;NO ESPECIFICADO;CIT1000_CA14
CAT;MA;13:00-14:20;NO ESPECIFICADO;CIT1000_CA02
CAT;VI;13:00-14:20;NO ESPECIFICADO;CIT1000_CA02
AYU;MI;13:00-14:20;NO ESPECIFICADO;CIT1000_CA02
CAT;MA;11:30-12:50;NO ESPECIFICADO;CIT1000_VC03
CAT;VI;11:30-12:50;NO ESPECIFICADO;CIT1000_VC03
AYU;JU;13:00-14:20;NO ESPECIFICADO;CIT1000_VC03
CAT;LU;11:30-12:50;NO ESPECIFICADO;CIT1000_CA04
CAT;JU;11:30-12:50;NO ESPECIFICADO;CIT1000_CA04
AYU;MA;11:30-12:50;NO ESPECIFICADO;CIT1000_CA04
CAT;LU;13:00-14:20;NO ESPECIFICADO;CIT1000_CA05
CAT;JU;13:00-14:20;NO ESPECIFICADO;CIT1000_CA05
AYU;MA;13:00-14:20;NO ESPECIFICADO;CIT1000_CA05
CAT;MA;11:30-12:50;NO ESPECIFICADO;CIT1000_CA06
CAT;VI;11:30-12:50;NO ESPECIFICADO;CIT1000_CA06
AYU;JU;13:00-14:20;NO ESPECIFICADO;CIT1000_CA06
CAT;LU;14:30-15:50;NO ESPECIFICADO;CIT1000_CA07
CAT;JU;14:30-15:50;NO ESPECIFICADO;CIT1000_CA07
AYU;MI;14:30-15:50;NO ESPECIFICADO;CIT1000_CA07
CAT;MA;11:30-12:50;NO ESPECIFICADO;CIT1000_VC08
CAT;VI;11:30-12:50;NO ESPECIFICADO;CIT1000_VC08
AYU;MI;8:30-9:50;NO ESPECIFICADO;CIT1000_VC08
CAT;LU;14:30-15:50;NO ESPECIFICADO;CIT1000_CA09
CAT;JU;14:30-15:50;NO ESPECIFICADO;CIT1000_CA09
AYU;MI;16:00-17:20;NO ESPECIFICADO;CIT1000_CA09
CAT;LU;11:30-12:50;NO ESPECIFICADO;CIT1010_CA01
CAT;JU;11:30-12:50;NO ESPECIFICADO;CIT1010_CA01
AYU;VI;11:30-12:50;NO ESPECIFICADO;CIT1010_CA01
CAT;MA;10:00-11:20;NO ESPECIFICADO;CIT1010_VC02
CAT;VI;10:00-11:20;NO ESPECIFICADO;CIT1010_VC02
AYU;JU;10:00-11:20;NO ESPECIFICADO;CIT1010_VC02
CAT;MA;8:30-9:50;NO ESPECIFICADO;CIT1010_CA03
CAT;VI;8:30-9:50;NO ESPECIFICADO;CIT1010_CA03
AYU;JU;8:30-9:50;NO ESPECIFICADO;CIT1010_CA03
CAT;MA;17:25-18:45;GIADACH JUAN RICARDO;CIT2004_VC01
CAT;VI;17:25-18:45;GIADACH JUAN RICARDO;CIT2004_VC01
AYU;JU;10:00-11:20;NO ESPECIFICADO;CIT2004_VC01
CAT;LU;14:30-15:50;DUJOVNE DIEGO;CIT2102_VC01
CAT;JU;14:30-15:50;DUJOVNE DIEGO;CIT2102_VC01
AYU;LU;10:00-11:20;NO ESPECIFICADO;CIT2102_VC01
CAT;LU;14:30-15:50;DUJOVNE DIEGO;CIT2102_VC02
CAT;JU;14:30-15:50;DUJOVNE DIEGO;CIT2102_VC02
AYU;LU;17:25-18:45;NO ESPECIFICADO;CIT2102_VC02
CAT;LU;8:30-9:50;SANCHEZ PABLO;CIT2104_VC01
CAT;JU;8:30-9:50;SANCHEZ PABLO;CIT2104_VC01
AYU;MI;14:30-15:50;NO ESPECIFICADO;CIT2104_VC01
CAT;LU;8:30-9:50;SANCHEZ PABLO;CIT2104_VC02
CAT;JU;8:30-9:50;SANCHEZ PABLO;CIT2104_VC02
AYU;VI;8:30-9:50;NO ESPECIFICADO;CIT2104_VC02
CAT;MA;10:00-11:20;BOETTCHER NICOLAS;CIT2105_VC01
CAT;VI;10:00-11:20;BOETTCHER NICOLAS;CIT2105_VC01
AYU;LU;13:00-14:20;NO ESPECIFICADO;CIT2105_VC01
CAT;MA;10:00-11:20;BOETTCHER NICOLAS;CIT2105_VC02
CAT;VI;10:00-11:20;BOETTCHER NICOLAS;CIT2105_VC02
AYU;LU;11:30-12:50;NO ESPECIFICADO;CIT2105_VC02
CAT;MA;16:00-17:20;ELLIOT JORGE;CIT2201_VC01
CAT;VI;16:00-17:20;ELLIOT JORGE;CIT2201_VC01
AYU;JU;14:30-15:50;NO ESPECIFICADO;CIT2201_VC01
CAT;MA;14:30-15:50;NO ESPECIFICADO;CIT2202_VC01
CAT;VI;14:30-15:50;NO ESPECIFICADO;CIT2202_VC01
AYU;VI;13:00-14:20;NO ESPECIFICADO;CIT2202_VC01
CAT;MA;11:30-12:50;GEOFFROY XIMENA;CIT2203_VC01
CAT;VI;11:30-12:50;GEOFFROY XIMENA;CIT2203_VC01
AYU;JU;11:30-12:50;NO ESPECIFICADO;CIT2203_VC01
CAT;MA;14:30-15:50;ELLIOT JORGE;CIT3200_VC01
CAT;VI;14:30-15:50;ELLIOT JORGE;CIT3200_VC01
AYU;MI;14:30-15:50;NO ESPECIFICADO;CIT3200_VC01
CAT;LU;17:25-18:45;NO ESPECIFICADO;CIT3201_VC01
CAT;JU;17:25-18:45;NO ESPECIFICADO;CIT3201_VC01
AYU;MA;13:00-14:20;NO ESPECIFICADO;CIT3201_VC01
CAT;LU;11:30-12:50;AHUMADA LUCIANO;CIT3417_VC01
CAT;JU;11:30-12:50;AHUMADA LUCIANO;CIT3417_VC01
AYU;VI;11:30-12:50;CARREÑO ERICK;CIT3417_VC01
CAT;MA;8:30-9:50;CARVAJAL ROBERTO;CIT3420_CA01
CAT;VI;8:30-9:50;CARVAJAL ROBERTO;CIT3420_CA01
CAT;LU;8:30-9:50;PEÑA RAUL ;CIT3423_CA01
CAT;JU;8:30-9:50;PEÑA RAUL ;CIT3423_CA01
CAT;LU;11:30-12:50;GONZALEZ LORETO;FIC1000_VC01
CAT;JU;11:30-12:50;GONZALEZ LORETO;FIC1000_VC01
CAT;LU;14:30-15:50;SERVELLO STEPHANIE;FIC1000_VC10
CAT;JU;14:30-15:50;SERVELLO STEPHANIE;FIC1000_VC10
CAT;LU;13:00-14:20;SERVELLO STEPHANIE;FIC1000_VC11
CAT;JU;13:00-14:20;SERVELLO STEPHANIE;FIC1000_VC11
CAT;LU;14:30-15:50;GONZALEZ LORETO;FIC1000_VC12
CAT;JU;14:30-15:50;GONZALEZ LORETO;FIC1000_VC12
CAT;LU;16:00-17:20;SERVELLO STEPHANIE;FIC1000_VC13
CAT;JU;16:00-17:20;SERVELLO STEPHANIE;FIC1000_VC13
CAT;LU;16:00-17:20;CORRAL GABRIELA;FIC1000_VC14
CAT;JU;16:00-17:20;CORRAL GABRIELA;FIC1000_VC14
CAT;LU;14:30-15:50;CORRAL GABRIELA;FIC1000_VC02
CAT;JU;14:30-15:50;CORRAL GABRIELA;FIC1000_VC02
CAT;LU;13:00-14:20;CORRAL GABRIELA;FIC1000_VC03
CAT;JU;13:00-14:20;CORRAL GABRIELA;FIC1000_VC03
CAT;LU;8:30-9:50;SERVELLO STEPHANIE;FIC1000_VC04
CAT;JU;8:30-9:50;SERVELLO STEPHANIE;FIC1000_VC04
CAT;LU;8:30-9:50;GONZALEZ LORETO;FIC1000_VC05
CAT;JU;8:30-9:50;GONZALEZ LORETO;FIC1000_VC05
CAT;LU;10:00-11:20;SERVELLO STEPHANIE;FIC1000_VC06
CAT;JU;10:00-11:20;SERVELLO STEPHANIE;FIC1000_VC06
CAT;LU;10:00-11:20;CORRAL GABRIELA;FIC1000_VC07
CAT;JU;10:00-11:20;CORRAL GABRIELA;FIC1000_VC07
CAT;LU;10:00-11:20;GONZALEZ LORETO;FIC1000_VC08
CAT;JU;10:00-11:20;GONZALEZ LORETO;FIC1000_VC08
CAT;MA;8:30-9:50;SERVELLO STEPHANIE;FIC1000_VC09
CAT;VI;8:30-9:50;SERVELLO STEPHANIE;FIC1000_VC09
CAT;MA;10:00-11:20;DIAZ JOSE ANTONIO;FIC1003_VC01
CAT;VI;10:00-11:20;DIAZ JOSE ANTONIO;FIC1003_VC01
CAT;MA;8:30-9:50;DIAZ JOSE ANTONIO;FIC1003_VC02
CAT;VI;8:30-9:50;DIAZ JOSE ANTONIO;FIC1003_VC02
CAT;MA;11:30-12:50;DIAZ JOSE ANTONIO;FIC1003_VC03
CAT;VI;11:30-12:50;DIAZ JOSE ANTONIO;FIC1003_VC03
CAT;MA;11:30-12:50;SCHKOLNIK DEMIAN;CIT2204_VC01
CAT;VI;11:30-12:50;SCHKOLNIK DEMIAN;CIT2204_VC01
AYU;JU;17:25-18:45;NO ESPECIFICADO;CIT2204_VC01
CAT;MA;11:30-12:50;NO ESPECIFICADO;CIT2204_CA02
CAT;VI;11:30-12:50;NO ESPECIFICADO;CIT2204_CA02
AYU;JU;17:25-18:45;NO ESPECIFICADO;CIT2204_CA02
CAT;LU;13:00-14:20;PALOMINO MARCELA;CIG1002_VC01
CAT;MI;13:00-14:20;PALOMINO MARCELA;CIG1002_VC01
CAT;MI;10:00-11:20;CONTRERAS EUGENIA;CIG1002_VC10
CAT;VI;10:00-11:20;CONTRERAS EUGENIA;CIG1002_VC10
CAT;MI;11:30-12:50;CONTRERAS EUGENIA;CIG1002_VC11
CAT;VI;11:30-12:50;CONTRERAS EUGENIA;CIG1002_VC11
CAT;LU;16:00-17:20;ACUNA SYLVIA (HUECHURABA);CIG1002_VC12
CAT;JU;16:00-17:20;ACUNA SYLVIA (HUECHURABA);CIG1002_VC12
CAT;JU;17:25-18:45;ACUNA SYLVIA (HUECHURABA);CIG1002_VC13
CAT;VI;17:25-18:45;ACUNA SYLVIA (HUECHURABA);CIG1002_VC13
CAT;LU;17:25-18:45;ACUNA SYLVIA (HUECHURABA);CIG1002_VC14
CAT;VI;16:00-17:20;ACUNA SYLVIA (HUECHURABA);CIG1002_VC14
CAT;LU;14:30-15:50;RODRIGUEZ KARINA (HUECHURABA);CIG1002_VC15
CAT;MI;14:30-15:50;RODRIGUEZ KARINA (HUECHURABA);CIG1002_VC15
CAT;MA;16:00-17:20;RODRIGUEZ KARINA (HUECHURABA);CIG1002_VC16
CAT;JU;16:00-17:20;RODRIGUEZ KARINA (HUECHURABA);CIG1002_VC16
CAT;MA;17:25-18:45;RODRIGUEZ KARINA (HUECHURABA);CIG1002_VC17
CAT;JU;17:25-18:45;RODRIGUEZ KARINA (HUECHURABA);CIG1002_VC17
CAT;LU;16:00-17:20;PALOMINOS MARCELA;CIG1002_VC02
CAT;MI;16:00-17:20;PALOMINOS MARCELA;CIG1002_VC02
CAT;MA;14:30-15:50;PALOMINOS MARCELA;CIG1002_VC03
CAT;JU;14:30-15:50;PALOMINOS MARCELA;CIG1002_VC03
CAT;MA;16:00-17:20;PALOMINOS MARCELA;CIG1002_VC04
CAT;JU;16:00-17:20;PALOMINOS MARCELA;CIG1002_VC04
CAT;LU;14:30-15:50;NUNEZ RAMON;CIG1002_VC05
CAT;MI;14:30-15:50;NUNEZ RAMON;CIG1002_VC05
CAT;LU;16:00-17:20;NUNEZ RAMON;CIG1002_VC06
CAT;MI;16:00-17:20;NUNEZ RAMON;CIG1002_VC06
CAT;LU;17:25-18:45;NUNEZ RAMON;CIG1002_VC07
CAT;MI;17:25-18:45;NUNEZ RAMON;CIG1002_VC07
CAT;LU;16:00-17:20;MELLA ALEX;CIG1002_VC08
CAT;MI;16:00-17:20;MELLA ALEX;CIG1002_VC08
CAT;LU;17:25-18:45;MELLA ALEX;CIG1002_VC09
CAT;MI;17:25-18:45;MELLA ALEX;CIG1002_VC09
CAT;LU;10:00-11:20;ACEITUNO ADOLFO;CIG1003_VC01
CAT;MI;10:00-11:20;ACEITUNO ADOLFO;CIG1003_VC01
CAT;MA;14:30-15:50;NUNEZ RAMON;CIG1003_VC10
CAT;JU;14:30-15:50;NUNEZ RAMON;CIG1003_VC10
CAT;MA;16:00-17:20;NUNEZ RAMON;CIG1003_VC11
CAT;JU;16:00-17:20;NUNEZ RAMON;CIG1003_VC11
CAT;MA;17:25-18:45;NUNEZ RAMON;CIG1003_VC12
CAT;JU;17:25-18:45;NUNEZ RAMON;CIG1003_VC12
CAT;MA;16:00-17:20;CELIS MARIA;CIG1003_VC13
CAT;JU;16:00-17:20;CELIS MARIA;CIG1003_VC13
CAT;MA;10:00-11:20;CELIS MARIA;CIG1003_VC14
CAT;JU;10:00-11:20;CELIS MARIA;CIG1003_VC14
CAT;LU;18:50-20:10;MELLA ALEX;CIG1003_VC15
CAT;MI;18:50-20:10;MELLA ALEX;CIG1003_VC15
CAT;MA;18:50-20:10;MELLA ALEX;CIG1003_VC16
CAT;JU;18:50-20:10;MELLA ALEX;CIG1003_VC16
CAT;LU;20:15-21:35;MELLA ALEX;CIG1003_VC17
CAT;MI;20:15-21:35;MELLA ALEX;CIG1003_VC17
CAT;LU;11:30-12:50;SCHIAPPACASSE VILMA;CIG1003_VC18
CAT;MI;11:30-12:50;SCHIAPPACASSE VILMA;CIG1003_VC18
CAT;LU;13:00-14:20;SCHIAPPACASSE VILMA;CIG1003_VC19
CAT;MI;13:00-14:20;SCHIAPPACASSE VILMA;CIG1003_VC19
CAT;LU;11:30-12:50;ACEITUNO ADOLFO;CIG1003_VC02
CAT;MI;11:30-12:50;ACEITUNO ADOLFO;CIG1003_VC02
CAT;LU;14:30-15:50;SCHIAPPACASSE VILMA;CIG1003_VC20
CAT;MI;14:30-15:50;SCHIAPPACASSE VILMA;CIG1003_VC20
CAT;MA;13:00-14:20;SCHIAPPACASSE VILMA;CIG1003_VC21
CAT;JU;13:00-14:20;SCHIAPPACASSE VILMA;CIG1003_VC21
CAT;MA;14:30-15:50;SCHIAPPACASSE VILMA;CIG1003_VC22
CAT;JU;14:30-15:50;SCHIAPPACASSE VILMA;CIG1003_VC22
CAT;MI;13:00-14:20;ARAOS JENNY FABIOLA;CIG1003_VC23
CAT;VI;13:00-14:20;ARAOS JENNY FABIOLA;CIG1003_VC23
CAT;MI;14:30-15:50;ARAOS JENNY FABIOLA;CIG1003_VC24
CAT;VI;14:30-15:50;ARAOS JENNY FABIOLA;CIG1003_VC24
CAT;MA;13:00-14:20;ARCE CARLOS ANDRES;CIG1003_VC25
CAT;VI;11:30-12:50;ARCE CARLOS ANDRES;CIG1003_VC25
CAT;MI;16:00-17:20;ARCE CARLOS ANDRES;CIG1003_VC26
CAT;VI;13:00-14:20;ARCE CARLOS ANDRES;CIG1003_VC26
CAT;MA;16:00-17:20;VELOSO JESUS ERASMO;CIG1003_VC27
CAT;JU;16:00-17:20;VELOSO JESUS ERASMO;CIG1003_VC27
CAT;MA;17:25-18:45;VELOSO JESUS ERASMO;CIG1003_VC28
CAT;JU;17:25-18:45;VELOSO JESUS ERASMO;CIG1003_VC28
CAT;MI;13:00-14:20;CONTRERAS EUGENIA;CIG1003_VC29
CAT;VI;13:00-14:20;CONTRERAS EUGENIA;CIG1003_VC29
CAT;LU;13:00-14:20;ACEITUNO ADOLFO;CIG1003_VC03
CAT;MI;13:00-14:20;ACEITUNO ADOLFO;CIG1003_VC03
CAT;MA;10:00-11:20;CONTRERAS EUGENIA;CIG1003_VC30
CAT;JU;10:00-11:20;CONTRERAS EUGENIA;CIG1003_VC30
CAT;MA;11:30-12:50;CONTRERAS EUGENIA;CIG1003_VC31
CAT;JU;11:30-12:50;CONTRERAS EUGENIA;CIG1003_VC31
CAT;LU;10:00-11:20;NEGRETE NORMA;CIG1003_VC32
CAT;MI;10:00-11:20;NEGRETE NORMA;CIG1003_VC32
CAT;LU;11:30-12:50;NEGRETE NORMA;CIG1003_VC33
CAT;MI;11:30-12:50;NEGRETE NORMA;CIG1003_VC33
CAT;LU;13:00-14:20;NEGRETE NORMA;CIG1003_VC34
CAT;MI;13:00-14:20;NEGRETE NORMA;CIG1003_VC34
CAT;MA;10:00-11:20;ACEITUNO ADOLFO;CIG1003_VC04
CAT;JU;10:00-11:20;ACEITUNO ADOLFO;CIG1003_VC04
CAT;MA;11:30-12:50;ACEITUNO ADOLFO;CIG1003_VC05
CAT;JU;11:30-12:50;ACEITUNO ADOLFO;CIG1003_VC05
CAT;MA;10:00-11:20;NORAMBUENA CAROLINA;CIG1003_VC06
CAT;JU;10:00-11:20;NORAMBUENA CAROLINA;CIG1003_VC06
CAT;MA;11:30-12:50;NORAMBUENA CAROLINA;CIG1003_VC07
CAT;JU;11:30-12:50;NORAMBUENA CAROLINA;CIG1003_VC07
CAT;MA;10:00-11:20;ORTEGA VIVIANA;CIG1003_VC08
CAT;VI;10:00-11:20;ORTEGA VIVIANA;CIG1003_VC08
CAT;MA;11:30-12:50;ORTEGA VIVIANA;CIG1003_VC09
CAT;VI;11:30-12:50;ORTEGA VIVIANA;CIG1003_VC09
CAT;LU;16:00-17:20;HIDALGO NICOLAS;CIT3342_CA01
CAT;JU;16:00-17:20;HIDALGO NICOLAS;CIT3342_CA01
CAT;LU;10:00-11:20;SANI QUIRIAN;CIG1014_VC01
CAT;MI;10:00-11:20;SANI QUIRIAN;CIG1014_VC01
CAT;MA;13:00-14:20;BAMBACH MARIA;CIG1014_VC10
CAT;JU;13:00-14:20;BAMBACH MARIA;CIG1014_VC10
CAT;MA;16:00-17:20;BAMBACH MARIA;CIG1014_VC11
CAT;JU;16:00-17:20;BAMBACH MARIA;CIG1014_VC11
CAT;MA;17:25-18:45;BAMBACH MARIA;CIG1014_VC12
CAT;JU;17:25-18:45;BAMBACH MARIA;CIG1014_VC12
CAT;LU;16:00-17:20;CEA KAREM CAROL;CIG1014_VC13
CAT;MI;16:00-17:20;CEA KAREM CAROL;CIG1014_VC13
CAT;LU;17:25-18:45;CEA KAREM CAROL;CIG1014_VC14
CAT;MI;17:25-18:45;CEA KAREM CAROL;CIG1014_VC14
CAT;MA;14:30-15:50;CEA KAREM CAROL;CIG1014_VC15
CAT;JU;14:30-15:50;CEA KAREM CAROL;CIG1014_VC15
CAT;MA;16:00-17:20;CEA KAREM CAROL;CIG1014_VC16
CAT;JU;16:00-17:20;CEA KAREM CAROL;CIG1014_VC16
CAT;MA;17:25-18:45;CEA KAREM CAROL;CIG1014_VC17
CAT;JU;17:25-18:45;CEA KAREM CAROL;CIG1014_VC17
CAT;LU;11:30-12:50;ARAOS JENNY FABIOLA;CIG1014_VC18
CAT;MI;11:30-12:50;ARAOS JENNY FABIOLA;CIG1014_VC18
CAT;MA;10:00-11:20;MOYANO NATALY;CIG1014_VC19
CAT;JU;10:00-11:20;MOYANO NATALY;CIG1014_VC19
CAT;LU;11:30-12:50;SANI QUIRIAN;CIG1014_VC02
CAT;MI;11:30-12:50;SANI QUIRIAN;CIG1014_VC02
CAT;MA;11:30-12:50;MOYANO NATALY;CIG1014_VC20
CAT;JU;11:30-12:50;MOYANO NATALY;CIG1014_VC20
CAT;MI;10:00-11:20;MOYANO NATALY;CIG1014_VC21
CAT;VI;10:00-11:20;MOYANO NATALY;CIG1014_VC21
CAT;MI;11:30-12:50;MOYANO NATALY;CIG1014_VC22
CAT;VI;11:30-12:50;MOYANO NATALY;CIG1014_VC22
CAT;JU;8:30-9:50;MOYANO NATALY;CIG1014_VC23
CAT;LU;11:30-12:50;MOYANO NATALY;CIG1014_VC23
CAT;LU;14:30-15:50;NEGRETE NORMA;CIG1014_VC24
CAT;MI;14:30-15:50;NEGRETE NORMA;CIG1014_VC24
CAT;LU;16:00-17:20;NEGRETE NORMA;CIG1014_VC25
CAT;MI;16:00-17:20;NEGRETE NORMA;CIG1014_VC25
CAT;MA;14:30-15:50;NORAMBUENA CAROLINA;CIG1014_VC26
CAT;JU;14:30-15:50;NORAMBUENA CAROLINA;CIG1014_VC26
CAT;MA;16:00-17:20;NORAMBUENA CAROLINA;CIG1014_VC27
CAT;JU;16:00-17:20;NORAMBUENA CAROLINA;CIG1014_VC27
CAT;MI;10:00-11:20;POBLETE JAVIERA;CIG1014_VC28
CAT;VI;10:00-11:20;POBLETE JAVIERA;CIG1014_VC28
CAT;MI;11:30-12:50;POBLETE JAVIERA;CIG1014_VC29
CAT;VI;11:30-12:50;POBLETE JAVIERA;CIG1014_VC29
CAT;LU;13:00-14:20;SANI QUIRIAN;CIG1014_VC03
CAT;MI;13:00-14:20;SANI QUIRIAN;CIG1014_VC03
CAT;MI;13:00-14:20;POBLETE JAVIERA;CIG1014_VC30
CAT;VI;13:00-14:20;POBLETE JAVIERA;CIG1014_VC30
CAT;MA;10:00-11:20;POBLETE JAVIERA;CIG1014_VC31
CAT;JU;10:00-11:20;POBLETE JAVIERA;CIG1014_VC31
CAT;MA;11:30-12:50;POBLETE JAVIERA;CIG1014_VC32
CAT;JU;11:30-12:50;POBLETE JAVIERA;CIG1014_VC32
CAT;MI;14:30-15:50;SALINAS MARTA;CIG1014_VC33
CAT;VI;14:30-15:50;SALINAS MARTA;CIG1014_VC33
CAT;MI;16:00-17:20;SALINAS MARTA;CIG1014_VC34
CAT;VI;16:00-17:20;SALINAS MARTA;CIG1014_VC34
CAT;MI;17:25-18:45;SALINAS MARTA;CIG1014_VC35
CAT;VI;17:25-18:45;SALINAS MARTA;CIG1014_VC35
CAT;MA;14:30-15:50;SALINAS MARTA;CIG1014_VC36
CAT;JU;14:30-15:50;SALINAS MARTA;CIG1014_VC36
CAT;MA;16:00-17:20;SALINAS MARTA;CIG1014_VC37
CAT;JU;16:00-17:20;SALINAS MARTA;CIG1014_VC37
CAT;LU;14:30-15:50;TORO CONSUELO;CIG1014_VC38
CAT;MI;14:30-15:50;TORO CONSUELO;CIG1014_VC38
CAT;LU;16:00-17:20;TORO CONSUELO;CIG1014_VC39
CAT;MI;16:00-17:20;TORO CONSUELO;CIG1014_VC39
CAT;MA;10:00-11:20;SANI QUIRIAN;CIG1014_VC04
CAT;JU;10:00-11:20;SANI QUIRIAN;CIG1014_VC04
CAT;MA;13:00-14:20;TORO CONSUELO;CIG1014_VC40
CAT;JU;13:00-14:20;TORO CONSUELO;CIG1014_VC40
CAT;MA;14:30-15:50;TORO CONSUELO;CIG1014_VC41
CAT;JU;14:30-15:50;TORO CONSUELO;CIG1014_VC41
CAT;MA;16:00-17:20;TORO CONSUELO;CIG1014_VC42
CAT;JU;16:00-17:20;TORO CONSUELO;CIG1014_VC42
CAT;MI;10:00-11:20;CELIS MARIA;CIG1014_VC43
CAT;VI;10:00-11:20;CELIS MARIA;CIG1014_VC43
CAT;MA;10:00-11:20;RAU MARIA PAZ;CIG1014_VC44
CAT;JU;10:00-11:20;RAU MARIA PAZ;CIG1014_VC44
CAT;MA;11:30-12:50;RAU MARIA PAZ;CIG1014_VC45
CAT;JU;11:30-12:50;RAU MARIA PAZ;CIG1014_VC45
CAT;MI;10:00-11:20;RAU MARIA PAZ;CIG1014_VC46
CAT;VI;10:00-11:20;RAU MARIA PAZ;CIG1014_VC46
CAT;MI;11:30-12:50;RAU MARIA PAZ;CIG1014_VC47
CAT;VI;11:30-12:50;RAU MARIA PAZ;CIG1014_VC47
CAT;LU;14:30-15:50;CELIS MARIA;CIG1014_VC48
CAT;MI;11:30-12:50;CELIS MARIA;CIG1014_VC48
CAT;MA;11:30-12:50;SCHIAPPACASSE VILMA;CIG1014_VC49
CAT;JU;11:30-12:50;SCHIAPPACASSE VILMA;CIG1014_VC49
CAT;MA;11:30-12:50;SANI QUIRIAN;CIG1014_VC05
CAT;JU;11:30-12:50;SANI QUIRIAN;CIG1014_VC05
CAT;MA;11:30-12:50;CELIS MARIA;CIG1014_VC50
CAT;VI;11:30-12:50;CELIS MARIA;CIG1014_VC50
CAT;MI;16:00-17:20;CELIS MARIA;CIG1014_VC51
CAT;VI;16:00-17:20;CELIS MARIA;CIG1014_VC51
CAT;LU;14:30-15:50;CEA KAREM CAROL;CIG1014_VC52
CAT;MI;14:30-15:50;CEA KAREM CAROL;CIG1014_VC52
CAT;MA;13:00-14:20;CONTRERAS EUGENIA;CIG1014_VC53
CAT;JU;13:00-14:20;CONTRERAS EUGENIA;CIG1014_VC53
CAT;LU;10:00-11:20;TORRES OSMAN (HUECHURABA);CIG1014_VC54
CAT;JU;10:00-11:20;TORRES OSMAN (HUECHURABA);CIG1014_VC54
CAT;LU;11:30-12:50;TORRES OSMAN (HUECHURABA);CIG1014_VC55
CAT;JU;11:30-12:50;TORRES OSMAN (HUECHURABA);CIG1014_VC55
CAT;MA;13:00-14:20;TORRES OSMAN (HUECHURABA);CIG1014_VC56
CAT;JU;13:00-14:20;TORRES OSMAN (HUECHURABA);CIG1014_VC56
CAT;MA;14:30-15:50;TORRES OSMAN (HUECHURABA);CIG1014_VC57
CAT;JU;14:30-15:50;TORRES OSMAN (HUECHURABA);CIG1014_VC57
CAT;MI;10:00-11:20;TORRES OSMAN (HUECHURABA);CIG1014_VC58
CAT;VI;10:00-11:20;TORRES OSMAN (HUECHURABA);CIG1014_VC58
CAT;MI;10:00-11:20;CONTRERAS DANIELA (HUECHURABA);CIG1014_VC59
CAT;VI;10:00-11:20;CONTRERAS DANIELA (HUECHURABA);CIG1014_VC59
CAT;MA;13:00-14:20;ARAOS JENNY FABIOLA;CIG1014_VC06
CAT;JU;13:00-14:20;ARAOS JENNY FABIOLA;CIG1014_VC06
CAT;MI;11:30-12:50;CONTRERAS DANIELA (HUECHURABA);CIG1014_VC60
CAT;VI;11:30-12:50;CONTRERAS DANIELA (HUECHURABA);CIG1014_VC60
CAT;LU;11:30-12:50;CONTRERAS DANIELA (HUECHURABA);CIG1014_VC61
CAT;VI;13:00-14:20;CONTRERAS DANIELA (HUECHURABA);CIG1014_VC61
CAT;LU;10:00-11:20;CONTRERAS DANIELA (HUECHURABA);CIG1014_VC62
CAT;MI;14:30-15:50;CONTRERAS DANIELA (HUECHURABA);CIG1014_VC62
CAT;LU;14:30-15:50;CONTRERAS DANIELA (HUECHURABA);CIG1014_VC63
CAT;VI;14:30-15:50;CONTRERAS DANIELA (HUECHURABA);CIG1014_VC63
CAT;MA;14:30-15:50;RODRIGUEZ KARINA (HUECHURABA);CIG1014_VC64
CAT;JU;14:30-15:50;RODRIGUEZ KARINA (HUECHURABA);CIG1014_VC64
CAT;MA;13:00-14:20;RODRIGUEZ KARINA (HUECHURABA);CIG1014_VC65
CAT;JU;13:00-14:20;RODRIGUEZ KARINA (HUECHURABA);CIG1014_VC65
CAT;MI;11:30-12:50;TORRES OSMAN (HUECHURABA);CIG1014_VC66
CAT;VI;11:30-12:50;TORRES OSMAN (HUECHURABA);CIG1014_VC66
CAT;LU;16:00-17:20;CONTRERAS DANIELA (HUECHURABA);CIG1014_VC67
CAT;MI;16:00-17:20;CONTRERAS DANIELA (HUECHURABA);CIG1014_VC67
CAT;MA;14:30-15:50;ARAOS JENNY FABIOLA;CIG1014_VC07
CAT;JU;14:30-15:50;ARAOS JENNY FABIOLA;CIG1014_VC07
CAT;MA;10:00-11:20;BAMBACH MARIA;CIG1014_VC08
CAT;JU;10:00-11:20;BAMBACH MARIA;CIG1014_VC08
CAT;MA;11:30-12:50;BAMBACH MARIA;CIG1014_VC09
CAT;JU;11:30-12:50;BAMBACH MARIA;CIG1014_VC09
CAT;LU;14:30-15:50;GUTIERREZ MARTIN;CIT3346_CA01
CAT;JU;14:30-15:50;GUTIERREZ MARTIN;CIT3346_CA01
CAT;MA;16:00-17:20;CARRION JAVIER;CIT2006_CA02
CAT;VI;16:00-17:20;CARRION JAVIER;CIT2006_CA02
AYU;MI;13:00-14:20;NO ESPECIFICADO;CIT2006_CA02
LAB;MA;13:00-14:20;NO ESPECIFICADO;CIT2006_CA02
CAT;MA;14:30-15:50;SUCHAN KAROL;CIT2006_VC03
CAT;VI;14:30-15:50;SUCHAN KAROL;CIT2006_VC03
AYU;MI;14:30-15:50;NO ESPECIFICADO;CIT2006_VC03
LAB;JU;13:00-14:20;NO ESPECIFICADO;CIT2006_VC03
CAT;MA;16:00-17:20;RODRIGUEZ MIGUEL;CIT2006_CA01
CAT;VI;16:00-17:20;RODRIGUEZ MIGUEL;CIT2006_CA01
AYU;MI;14:30-15:50;NO ESPECIFICADO;CIT2006_CA01
LAB;JU;13:00-14:20;NO ESPECIFICADO;CIT2006_CA01
CAT;LU;13:00-14:20;SUCHAN KAROL;CIT2006_VC04
CAT;JU;13:00-14:20;SUCHAN KAROL;CIT2006_VC04
AYU;MA;13:00-14:20;NO ESPECIFICADO;CIT2006_VC04
LAB;VI;16:00-17:20;NO ESPECIFICADO;CIT2006_VC04
CAT;MA;8:30-9:50;NEGRONI JUAN JOSE;CIT2107 VC01
CAT;VI;8:30-9:50;NEGRONI JUAN JOSE;CIT2107 VC01
AYU;MI;8:30-9:50;NO ESPECIFICADO;CIT2107 VC01
LAB;LU;16:00-17:20;NO ESPECIFICADO;CIT2107 VC01
CAT;MA;8:30-9:50;NEGRONI JUAN JOSE;CIT2107 VC02
CAT;VI;8:30-9:50;NEGRONI JUAN JOSE;CIT2107 VC02
AYU;MI;8:30-9:50;NO ESPECIFICADO;CIT2107 VC02
LAB;MI;13:00-14:20;NO ESPECIFICADO;CIT2107 VC02
CAT;MA;8:30-9:50;CARREÑO ERICK;CIT2107 VC03
CAT;VI;8:30-9:50;CARREÑO ERICK;CIT2107 VC03
AYU;MI;8:30-9:50;NO ESPECIFICADO;CIT2107 VC03
LAB;JU;11:30-12:50;NO ESPECIFICADO;CIT2107 VC03
CAT;MA;8:30-9:50;CARREÑO ERICK;CIT2107_VC04
CAT;VI;8:30-9:50;CARREÑO ERICK;CIT2107_VC04
AYU;MI;8:30-9:50;NO ESPECIFICADO;CIT2107_VC04
LAB;VI;17:25-18:45;NO ESPECIFICADO;CIT2107_VC04
CAT;MA;13:00-14:20;GIADACH JUAN RICARDO;CIT2007_CA01
CAT;VI;13:00-14:20;GIADACH JUAN RICARDO;CIT2007_CA01
AYU;LU;13:00-14:20;NO ESPECIFICADO;CIT2007_CA01
CAT;MA;13:00-14:20;NO ESPECIFICADO;CIT2007_CA02
CAT;VI;13:00-14:20;NO ESPECIFICADO;CIT2007_CA02
AYU;LU;13:00-14:20;NO ESPECIFICADO;CIT2007_CA02
CAT;LU;17:25-18:45;NO ESPECIFICADO;CIT2008_CA01
CAT;JU;17:25-18:45;NO ESPECIFICADO;CIT2008_CA01
AYU;MA;17:25-18:45;NO ESPECIFICADO;CIT2008_CA01
CAT;LU;14:30-15:50;NO ESPECIFICADO;CIT2008_CA02
CAT;JU;14:30-15:50;NO ESPECIFICADO;CIT2008_CA02
AYU;MA;17:25-18:45;NO ESPECIFICADO;CIT2008_CA02
CAT;MA;11:30-12:50;BOETTCHER NICOLAS;CIT2108_CA01
CAT;VI;11:30-12:50;BOETTCHER NICOLAS;CIT2108_CA01
AYU;MI;14:30-15:50;NO ESPECIFICADO;CIT2108_CA01
CAT;MA;11:30-12:50;NO ESPECIFICADO;CIT2108_CA02
CAT;VI;11:30-12:50;NO ESPECIFICADO;CIT2108_CA02
AYU;JU;10:00-11:20;NO ESPECIFICADO;CIT2108_CA02
CAT;LU;14:30-15:50;ELLIOT JORGE;CIT2205_CA01
CAT;JU;14:30-15:50;ELLIOT JORGE;CIT2205_CA01
AYU;LU;10:00-11:20;NO ESPECIFICADO;CIT2205_CA01
CAT;LU;8:30-9:50;NO ESPECIFICADO;CIT2205_CA02
CAT;JU;8:30-9:50;NO ESPECIFICADO;CIT2205_CA02
AYU;VI;10:00-11:20;NO ESPECIFICADO;CIT2205_CA02
CAT;LU;8:30-9:50;NO ESPECIFICADO;CIT2205_CA03
CAT;JU;8:30-9:50;NO ESPECIFICADO;CIT2205_CA03
AYU;VI;14:30-15:50;NO ESPECIFICADO;CIT2205_CA03
CAT;MA;16:00-17:20;GIADACH JUAN RICARDO;CIT2009_CA01
CAT;VI;16:00-17:20;GIADACH JUAN RICARDO;CIT2009_CA01
AYU;MI;16:00-17:20;NO ESPECIFICADO;CIT2009_CA01
CAT;MA;13:00-14:20;NO ESPECIFICADO;CIT2009_CA02
CAT;VI;13:00-14:20;NO ESPECIFICADO;CIT2009_CA02
AYU;VI;14:30-15:50;NO ESPECIFICADO;CIT2009_CA02
CAT;MA;8:30-9:50;SANCHEZ PABLO;CIT2109_VC01
CAT;VI;8:30-9:50;SANCHEZ PABLO;CIT2109_VC01
AYU;LU;17:25-18:45;NO ESPECIFICADO;CIT2109_VC01
LAB;MI;17:25-18:45;NO ESPECIFICADO;CIT2109_VC01
CAT;MA;8:30-9:50;SANCHEZ PABLO;CIT2109_VC02
CAT;VI;8:30-9:50;SANCHEZ PABLO;CIT2109_VC02
AYU;LU;17:25-18:45;NO ESPECIFICADO;CIT2109_VC02
LAB;JU;16:00-17:20;NO ESPECIFICADO;CIT2109_VC02
CAT;LU;11:30-12:50;DUJOVNE DIEGO;CIT2110_VC01
CAT;JU;11:30-12:50;DUJOVNE DIEGO;CIT2110_VC01
AYU;JU;17:25-18:45;NO ESPECIFICADO;CIT2110_VC01
LAB;MI;13:00-14:20;NO ESPECIFICADO;CIT2110_VC01
CAT;LU;11:30-12:50;DUJOVNE DIEGO;CIT2110_VC02
CAT;JU;11:30-12:50;DUJOVNE DIEGO;CIT2110_VC02
AYU;JU;17:25-18:45;NO ESPECIFICADO;CIT2110_VC02
LAB;MA;10:00-11:20;NO ESPECIFICADO;CIT2110_VC02
CAT;LU;13:00-14:20;GUTIERREZ MARTIN;CIT2010_CA01
CAT;JU;13:00-14:20;GUTIERREZ MARTIN;CIT2010_CA01
AYU;MA;17:25-18:45;NO ESPECIFICADO;CIT2010_CA01
CAT;MA;16:00-17:20;NIETO ANDREA;CIT2012_CA01
CAT;VI;16:00-17:20;NIETO ANDREA;CIT2012_CA01
AYU;MI;16:00-17:20;NO ESPECIFICADO;CIT2012_CA01
CAT;MA;16:00-17:20;NO ESPECIFICADO;CIT2012_CA02
CAT;VI;16:00-17:20;NO ESPECIFICADO;CIT2012_CA02
AYU;MI;16:00-17:20;NO ESPECIFICADO;CIT2012_CA02
CAT;MA;10:00-11:20;CALCAGNO JAIME;CII2100_VC01
CAT;VI;10:00-11:20;CALCAGNO JAIME;CII2100_VC01
AYU;MI;8:30-9:50;NO ESPECIFICADO;CII2100_VC01
CAT;MA;10:00-11:20;CALCAGNO JAIME;CII2100_FG01
CAT;VI;10:00-11:20;CALCAGNO JAIME;CII2100_FG01
AYU;MI;8:30-9:50;NO ESPECIFICADO;CII2100_FG01
CAT;LU;11:30-12:50;CALCAGNO JAIME;CII2100_VC02
CAT;JU;11:30-12:50;CALCAGNO JAIME;CII2100_VC02
AYU;MI;17:25-18:45;NO ESPECIFICADO;CII2100_VC02
CAT;LU;11:30-12:50;CALCAGNO JAIME;CII2100_FG02
CAT;JU;11:30-12:50;CALCAGNO JAIME;CII2100_FG02
AYU;MI;17:25-18:45;NO ESPECIFICADO;CII2100_FG02
CAT;MA;11:30-12:50;MARKUSOVIC DENIS;CII2100_VC03
CAT;VI;11:30-12:50;MARKUSOVIC DENIS;CII2100_VC03
AYU;AYU;8:30-9:50;NO ESPECIFICADO;CII2100_VC03
CAT;MA;11:30-12:50;MARKUSOVIC DENIS;CII2100_FG03
CAT;VI;11:30-12:50;MARKUSOVIC DENIS;CII2100_FG03
AYU;MI;8:30-9:50;NO ESPECIFICADO;CII2100_FG03
CAT;MA;11:30-12:50;CALCAGNO JAIME;CII2100_VC04
CAT;VI;11:30-12:50;CALCAGNO JAIME;CII2100_VC04
AYU;MI;14:30-15:50;NO ESPECIFICADO;CII2100_VC04
CAT;MA;11:30-12:50;CALCAGNO JAIME;CII2100_FG04
CAT;VI;11:30-12:50;CALCAGNO JAIME;CII2100_FG04
AYU;MI;14:30-15:50;NO ESPECIFICADO;CII2100_FG04
CAT;LU;10:00-11:20;HIDALGO NICOLAS;CIT2114_VC01
CAT;JU;10:00-11:20;HIDALGO NICOLAS;CIT2114_VC01
AYU;MA;10:00-11:20;NO ESPECIFICADO;CIT2114_VC01
LAB;MI;16:00-17:20;NO ESPECIFICADO;CIT2114_VC01
CAT;LU;10:00-11:20;HIDALGO NICOLAS;CIT2114_VC02
CAT;JU;10:00-11:20;HIDALGO NICOLAS;CIT2114_VC02
AYU;VI;10:00-11:20;NO ESPECIFICADO;CIT2114_VC02
LAB;MA;14:30-15:50;NO ESPECIFICADO;CIT2114_VC02
CAT;LU;17:25-18:45;NO ESPECIFICADO;CIT2114_VC03
CAT;JU;17:25-18:45;NO ESPECIFICADO;CIT2114_VC03
AYU;MA;17:25-18:45;NO ESPECIFICADO;CIT2114_VC03
LAB;VI;10:00-11:20;NO ESPECIFICADO;CIT2114_VC03
CAT;LU;17:25-18:45;NO ESPECIFICADO;CIT2114_VC04
CAT;JU;17:25-18:45;NO ESPECIFICADO;CIT2114_VC04
AYU;MA;17:25-18:45;NO ESPECIFICADO;CIT2114_VC04
LAB;VI;13:00-14:20;NO ESPECIFICADO;CIT2114_VC04
CAT;MA;8:30-9:50;NO ESPECIFICADO;CIT2114_VC05
CAT;JU;8:30-9:50;NO ESPECIFICADO;CIT2114_VC05
AYU;MI;8:30-9:50;NO ESPECIFICADO;CIT2114_VC05
LAB;LU;8:30-9:50;NO ESPECIFICADO;CIT2114_VC05
CAT;MA;8:30-9:50;NO ESPECIFICADO;CIT2114_VC06
CAT;JU;8:30-9:50;NO ESPECIFICADO;CIT2114_VC06
AYU;MI;8:30-9:50;NO ESPECIFICADO;CIT2114_VC06
LAB;VI;8:30-9:50;NO ESPECIFICADO;CIT2114_VC06
CAT;MA;13:00-14:20;ELLIOT JORGE;CIT3348_CA01
CAT;VI;13:00-14:20;ELLIOT JORGE;CIT3348_CA01
